<?xml version="1.0" encoding="UTF-8"?>
<objects serializationModel="Studio.02.02.00">
	<object class="Event" id="{2d27af39-e19c-4b10-812e-9e867c9bc255}">
		<property name="name">
			<value>snake</value>
		</property>
		<property name="outputFormat">
			<value>2</value>
		</property>
		<relationship name="folder">
			<destination>{c0d0e7c2-def3-4f88-ba2c-54924c2878d5}</destination>
		</relationship>
		<relationship name="mixer">
			<destination>{d28ef183-8d58-408c-bf82-fdb5802473e4}</destination>
		</relationship>
		<relationship name="masterTrack">
			<destination>{ec0b8e7c-82cf-4589-9a79-7609c6b10b00}</destination>
		</relationship>
		<relationship name="mixerInput">
			<destination>{f848d304-f6ca-4cbb-83db-e60be7780428}</destination>
		</relationship>
		<relationship name="automatableProperties">
			<destination>{d46e958f-11dc-4aa5-929d-aac426d7efcf}</destination>
		</relationship>
		<relationship name="markerTracks">
			<destination>{0b48bf43-9c98-4014-aa37-4dcd0cefa969}</destination>
		</relationship>
		<relationship name="groupTracks">
			<destination>{025e992a-9c9a-4ceb-8040-44c06b82def8}</destination>
		</relationship>
		<relationship name="timeline">
			<destination>{c6b6c3a4-c13d-4d5e-9d12-dae95ae88c08}</destination>
		</relationship>
		<relationship name="banks">
			<destination>{8bd5c145-a5ae-4013-8aaa-4bb3870318c1}</destination>
		</relationship>
	</object>
	<object class="EventMixer" id="{d28ef183-8d58-408c-bf82-fdb5802473e4}">
		<relationship name="masterBus">
			<destination>{8a6108c3-5a00-4d1d-845f-b1567e7c305d}</destination>
		</relationship>
	</object>
	<object class="MasterTrack" id="{ec0b8e7c-82cf-4589-9a79-7609c6b10b00}">
		<relationship name="mixerGroup">
			<destination>{8a6108c3-5a00-4d1d-845f-b1567e7c305d}</destination>
		</relationship>
	</object>
	<object class="MixerInput" id="{f848d304-f6ca-4cbb-83db-e60be7780428}">
		<relationship name="effectChain">
			<destination>{6814a7a9-ca48-4c3c-99b7-05fdd1282986}</destination>
		</relationship>
		<relationship name="panner">
			<destination>{7de0b137-8f43-4dfd-96f1-25093dd0346d}</destination>
		</relationship>
		<relationship name="output">
			<destination>{142241b0-079a-466d-af01-cd5fe9e4dba8}</destination>
		</relationship>
	</object>
	<object class="EventAutomatableProperties" id="{d46e958f-11dc-4aa5-929d-aac426d7efcf}" />
	<object class="MarkerTrack" id="{0b48bf43-9c98-4014-aa37-4dcd0cefa969}" />
	<object class="GroupTrack" id="{025e992a-9c9a-4ceb-8040-44c06b82def8}">
		<relationship name="modules">
			<destination>{ab302137-14ce-4642-9909-7e4e67d4afb8}</destination>
		</relationship>
		<relationship name="mixerGroup">
			<destination>{73a99316-7e3a-4b72-8db0-92402df3cfae}</destination>
		</relationship>
	</object>
	<object class="Timeline" id="{c6b6c3a4-c13d-4d5e-9d12-dae95ae88c08}">
		<relationship name="modules">
			<destination>{ab302137-14ce-4642-9909-7e4e67d4afb8}</destination>
		</relationship>
		<relationship name="markers">
			<destination>{bbb3f4f2-041a-4070-9211-67060ae495a5}</destination>
		</relationship>
	</object>
	<object class="EventMixerMaster" id="{8a6108c3-5a00-4d1d-845f-b1567e7c305d}">
		<relationship name="effectChain">
			<destination>{ec27a076-9ae3-4a9e-926d-3c0e4c837204}</destination>
		</relationship>
		<relationship name="panner">
			<destination>{ab4c137a-692e-4ca1-87f8-20453dca1199}</destination>
		</relationship>
		<relationship name="mixer">
			<destination>{d28ef183-8d58-408c-bf82-fdb5802473e4}</destination>
		</relationship>
	</object>
	<object class="MixerBusEffectChain" id="{6814a7a9-ca48-4c3c-99b7-05fdd1282986}">
		<relationship name="effects">
			<destination>{6bd8fd8e-975e-4cf4-9302-57387a73b27d}</destination>
		</relationship>
	</object>
	<object class="MixerBusPanner" id="{7de0b137-8f43-4dfd-96f1-25093dd0346d}" />
	<object class="SoundScatterer" id="{ab302137-14ce-4642-9909-7e4e67d4afb8}">
		<property name="length">
			<value>3</value>
		</property>
		<property name="polyphony">
			<value>1</value>
		</property>
		<property name="soundStealing">
			<value>3</value>
		</property>
		<property name="minimumTimeBetweenSounds">
			<value>1000</value>
		</property>
		<property name="maximumTimeBetweenSounds">
			<value>7000</value>
		</property>
		<property name="minimumScatterDistance">
			<value>0</value>
		</property>
		<property name="maximumScatterDistance">
			<value>0</value>
		</property>
		<property name="pitchRandomization">
			<value>1.39999998</value>
		</property>
		<relationship name="sound">
			<destination>{cb1e659c-4f23-47fb-9898-5eb5f1a278b8}</destination>
		</relationship>
	</object>
	<object class="EventMixerGroup" id="{73a99316-7e3a-4b72-8db0-92402df3cfae}">
		<property name="name">
			<value>Audio 1</value>
		</property>
		<relationship name="effectChain">
			<destination>{55a6a8ed-d68d-4f64-ad06-10004b9fee13}</destination>
		</relationship>
		<relationship name="panner">
			<destination>{6b5c798a-f3e7-4c34-a616-d79c8b5ef06f}</destination>
		</relationship>
		<relationship name="output">
			<destination>{8a6108c3-5a00-4d1d-845f-b1567e7c305d}</destination>
		</relationship>
	</object>
	<object class="LoopRegion" id="{bbb3f4f2-041a-4070-9211-67060ae495a5}">
		<property name="position">
			<value>0</value>
		</property>
		<property name="length">
			<value>3</value>
		</property>
		<relationship name="timeline">
			<destination>{c6b6c3a4-c13d-4d5e-9d12-dae95ae88c08}</destination>
		</relationship>
		<relationship name="markerTrack">
			<destination>{0b48bf43-9c98-4014-aa37-4dcd0cefa969}</destination>
		</relationship>
	</object>
	<object class="MixerBusEffectChain" id="{ec27a076-9ae3-4a9e-926d-3c0e4c837204}">
		<relationship name="effects">
			<destination>{36f874be-0c42-4f4b-b6c5-0a16291ed76c}</destination>
		</relationship>
	</object>
	<object class="MixerBusPanner" id="{ab4c137a-692e-4ca1-87f8-20453dca1199}" />
	<object class="MixerBusFader" id="{6bd8fd8e-975e-4cf4-9302-57387a73b27d}" />
	<object class="MultiSound" id="{cb1e659c-4f23-47fb-9898-5eb5f1a278b8}">
		<relationship name="sounds">
			<destination>{4318ac1b-4ebc-43ea-b4de-2002b7cfaff4}</destination>
			<destination>{54161551-ed1e-44fa-96ef-e4d7a4cd9a60}</destination>
			<destination>{8a841178-17ea-45f8-89cc-d684645fb68f}</destination>
			<destination>{cdebee89-fca1-41df-afc0-71638f4056fb}</destination>
			<destination>{e168b277-5670-40ee-b4ec-5e96fa846fed}</destination>
			<destination>{e0cbcd2f-a8c6-4a1a-b958-b5ee9d514833}</destination>
		</relationship>
	</object>
	<object class="MixerBusEffectChain" id="{55a6a8ed-d68d-4f64-ad06-10004b9fee13}">
		<relationship name="effects">
			<destination>{cc63a157-fd8b-4071-a2ae-80df5f36e63d}</destination>
			<destination>{6e299d8f-29d4-459c-9751-fdf3dd224f05}</destination>
			<destination>{f66fab40-3e6c-41dd-9803-b245e7529af7}</destination>
			<destination>{30cc88a7-ad08-427e-a618-4ee26deb90bb}</destination>
		</relationship>
	</object>
	<object class="MixerBusPanner" id="{6b5c798a-f3e7-4c34-a616-d79c8b5ef06f}" />
	<object class="MixerBusFader" id="{36f874be-0c42-4f4b-b6c5-0a16291ed76c}" />
	<object class="SingleSound" id="{4318ac1b-4ebc-43ea-b4de-2002b7cfaff4}">
		<relationship name="audioFile">
			<destination>{14b99527-380c-478f-a1ee-18b0e2e83b68}</destination>
		</relationship>
	</object>
	<object class="SingleSound" id="{54161551-ed1e-44fa-96ef-e4d7a4cd9a60}">
		<relationship name="audioFile">
			<destination>{27df0a8d-5260-4b26-8e88-47781353f582}</destination>
		</relationship>
	</object>
	<object class="SingleSound" id="{8a841178-17ea-45f8-89cc-d684645fb68f}">
		<relationship name="audioFile">
			<destination>{9d86026a-99f0-42f0-a56b-bf8a2c44a2f9}</destination>
		</relationship>
	</object>
	<object class="SingleSound" id="{cdebee89-fca1-41df-afc0-71638f4056fb}">
		<relationship name="audioFile">
			<destination>{fb49610e-5f67-4317-8922-d7712a005706}</destination>
		</relationship>
	</object>
	<object class="SingleSound" id="{e168b277-5670-40ee-b4ec-5e96fa846fed}">
		<relationship name="audioFile">
			<destination>{31fc41c2-d5c2-4b91-acd7-aab84f002478}</destination>
		</relationship>
	</object>
	<object class="SingleSound" id="{e0cbcd2f-a8c6-4a1a-b958-b5ee9d514833}">
		<relationship name="audioFile">
			<destination>{73330dab-eed3-4559-973b-6817d6a6e948}</destination>
		</relationship>
	</object>
	<object class="MixerBusFader" id="{cc63a157-fd8b-4071-a2ae-80df5f36e63d}" />
	<object class="SpatialiserEffect" id="{6e299d8f-29d4-459c-9751-fdf3dd224f05}" />
	<object class="LowpassEffect" id="{f66fab40-3e6c-41dd-9803-b245e7529af7}">
		<property name="cutoff">
			<value>22000</value>
		</property>
		<relationship name="automators">
			<destination>{4708e7f8-8f8b-4417-b61c-7bfd319a4164}</destination>
		</relationship>
	</object>
	<object class="SFXReverbEffect" id="{30cc88a7-ad08-427e-a618-4ee26deb90bb}">
		<property name="decayTime">
			<value>1700</value>
		</property>
		<property name="earlyDelay">
			<value>25</value>
		</property>
		<property name="HFDecayRatio">
			<value>60.5</value>
		</property>
		<property name="diffusion">
			<value>99.5</value>
		</property>
		<property name="density">
			<value>99.5</value>
		</property>
		<property name="lowShelfFrequency">
			<value>450</value>
		</property>
		<property name="highCut">
			<value>20000</value>
		</property>
		<property name="earlyLateMix">
			<value>100</value>
		</property>
		<property name="wetLevel">
			<value>0</value>
		</property>
		<property name="dryLevel">
			<value>10</value>
		</property>
		<relationship name="automators">
			<destination>{bae89abe-15ee-4dcc-be5d-e3a2f9491566}</destination>
			<destination>{91e864db-7e14-4792-871a-e10859ee11ec}</destination>
			<destination>{ebca473e-4a49-4f5f-8405-c8c44303750e}</destination>
			<destination>{6eddfe03-eaaf-46f7-bb5c-a36e8c52b205}</destination>
			<destination>{df22f4b2-bc8a-43ae-9150-0abb95400f4b}</destination>
		</relationship>
	</object>
	<object class="Automator" id="{4708e7f8-8f8b-4417-b61c-7bfd319a4164}">
		<property name="nameOfPropertyBeingAutomated">
			<value>cutoff</value>
		</property>
		<relationship name="automationCurves">
			<destination>{5eda07f1-7388-4f2e-913f-516079627e9f}</destination>
		</relationship>
	</object>
	<object class="Automator" id="{bae89abe-15ee-4dcc-be5d-e3a2f9491566}">
		<property name="nameOfPropertyBeingAutomated">
			<value>HFDecayRatio</value>
		</property>
		<relationship name="automationCurves">
			<destination>{71b00f44-a224-4c3a-82d7-a2f1c781a61c}</destination>
		</relationship>
	</object>
	<object class="Automator" id="{91e864db-7e14-4792-871a-e10859ee11ec}">
		<property name="nameOfPropertyBeingAutomated">
			<value>lowShelfGain</value>
		</property>
		<relationship name="automationCurves">
			<destination>{bd103d08-5926-4ec5-aa8f-9dd500f99589}</destination>
		</relationship>
	</object>
	<object class="Automator" id="{ebca473e-4a49-4f5f-8405-c8c44303750e}">
		<property name="nameOfPropertyBeingAutomated">
			<value>wetLevel</value>
		</property>
		<relationship name="automationCurves">
			<destination>{9d716c32-5fc0-4c14-b803-2965072569dd}</destination>
		</relationship>
	</object>
	<object class="Automator" id="{6eddfe03-eaaf-46f7-bb5c-a36e8c52b205}">
		<property name="nameOfPropertyBeingAutomated">
			<value>density</value>
		</property>
		<relationship name="automationCurves">
			<destination>{3a4bd5cf-4766-4649-9304-51c8614c5656}</destination>
		</relationship>
	</object>
	<object class="Automator" id="{df22f4b2-bc8a-43ae-9150-0abb95400f4b}">
		<property name="nameOfPropertyBeingAutomated">
			<value>decayTime</value>
		</property>
		<relationship name="automationCurves">
			<destination>{a40d0cb7-9430-4e82-a12b-86e8ec7a54a7}</destination>
		</relationship>
	</object>
	<object class="AutomationCurve" id="{5eda07f1-7388-4f2e-913f-516079627e9f}">
		<relationship name="parameter">
			<destination>{5deb0022-0d8a-4165-8328-2f054e32be87}</destination>
		</relationship>
		<relationship name="automationPoints">
			<destination>{6d406e23-cc89-4ca7-a764-b9902e85ff36}</destination>
			<destination>{e3bfb58e-4770-4872-b24d-5a7ee1559b29}</destination>
		</relationship>
	</object>
	<object class="AutomationCurve" id="{71b00f44-a224-4c3a-82d7-a2f1c781a61c}">
		<relationship name="parameter">
			<destination>{280458db-5e83-48c3-8160-b55484502d50}</destination>
		</relationship>
		<relationship name="automationPoints">
			<destination>{db58be6e-2ba3-474f-b0e7-378a82e09c5f}</destination>
			<destination>{b0fc958b-22cc-46c5-8774-3aa43e18c86b}</destination>
			<destination>{4c4a1e09-d67d-4dc4-ada1-e5a936c49fab}</destination>
		</relationship>
	</object>
	<object class="AutomationCurve" id="{bd103d08-5926-4ec5-aa8f-9dd500f99589}">
		<relationship name="parameter">
			<destination>{280458db-5e83-48c3-8160-b55484502d50}</destination>
		</relationship>
		<relationship name="automationPoints">
			<destination>{532cc4d0-0d9f-4186-aadd-ada03ed8d76d}</destination>
			<destination>{760c0c08-afe0-4940-9326-eed8996b1ddd}</destination>
			<destination>{f1083349-4245-4078-b819-b46a1244b915}</destination>
		</relationship>
	</object>
	<object class="AutomationCurve" id="{9d716c32-5fc0-4c14-b803-2965072569dd}">
		<relationship name="parameter">
			<destination>{280458db-5e83-48c3-8160-b55484502d50}</destination>
		</relationship>
		<relationship name="automationPoints">
			<destination>{5f03252b-a419-4751-8fb2-987682101d75}</destination>
			<destination>{b13d4136-08e0-4e21-8e00-d57d73681a70}</destination>
			<destination>{41835dca-0a7d-4796-b719-68abd19313d6}</destination>
			<destination>{9f86c22a-9971-48d7-b8ea-8017f591e1cd}</destination>
		</relationship>
	</object>
	<object class="AutomationCurve" id="{3a4bd5cf-4766-4649-9304-51c8614c5656}">
		<relationship name="parameter">
			<destination>{280458db-5e83-48c3-8160-b55484502d50}</destination>
		</relationship>
		<relationship name="automationPoints">
			<destination>{77b66c43-3c7d-474d-93f5-12c921ced60d}</destination>
			<destination>{f8744d12-4cc0-4632-b070-2af0d61e7550}</destination>
			<destination>{baa8f324-e4a5-4d1f-af88-71b455a9abd0}</destination>
		</relationship>
	</object>
	<object class="AutomationCurve" id="{a40d0cb7-9430-4e82-a12b-86e8ec7a54a7}">
		<relationship name="parameter">
			<destination>{280458db-5e83-48c3-8160-b55484502d50}</destination>
		</relationship>
		<relationship name="automationPoints">
			<destination>{cf4bb60a-47d1-4c97-b49a-a37503006495}</destination>
			<destination>{163bda98-1c9b-485c-a106-a8a3328ede49}</destination>
			<destination>{479203e4-9a7c-4a8b-9842-10d81fc3b6ae}</destination>
			<destination>{02fb7f3c-9aba-4f2d-a17f-a11499593d31}</destination>
		</relationship>
	</object>
	<object class="AutomationPoint" id="{6d406e23-cc89-4ca7-a764-b9902e85ff36}">
		<property name="position">
			<value>1</value>
		</property>
		<property name="value">
			<value>10</value>
		</property>
	</object>
	<object class="AutomationPoint" id="{e3bfb58e-4770-4872-b24d-5a7ee1559b29}">
		<property name="position">
			<value>0</value>
		</property>
		<property name="value">
			<value>22000</value>
		</property>
	</object>
	<object class="AutomationPoint" id="{db58be6e-2ba3-474f-b0e7-378a82e09c5f}">
		<property name="position">
			<value>0</value>
		</property>
		<property name="value">
			<value>10</value>
		</property>
	</object>
	<object class="AutomationPoint" id="{b0fc958b-22cc-46c5-8774-3aa43e18c86b}">
		<property name="position">
			<value>100</value>
		</property>
		<property name="value">
			<value>60.0000038</value>
		</property>
	</object>
	<object class="AutomationPoint" id="{4c4a1e09-d67d-4dc4-ada1-e5a936c49fab}">
		<property name="position">
			<value>20.197740112994349</value>
		</property>
		<property name="value">
			<value>48</value>
		</property>
	</object>
	<object class="AutomationPoint" id="{532cc4d0-0d9f-4186-aadd-ada03ed8d76d}">
		<property name="position">
			<value>0</value>
		</property>
		<property name="value">
			<value>-36</value>
		</property>
		<property name="curveShape">
			<value>-0.14231357</value>
		</property>
	</object>
	<object class="AutomationPoint" id="{760c0c08-afe0-4940-9326-eed8996b1ddd}">
		<property name="position">
			<value>100</value>
		</property>
		<property name="value">
			<value>-27</value>
		</property>
	</object>
	<object class="AutomationPoint" id="{f1083349-4245-4078-b819-b46a1244b915}">
		<property name="position">
			<value>85</value>
		</property>
		<property name="value">
			<value>-27</value>
		</property>
		<property name="curveShape">
			<value>0.344334036</value>
		</property>
	</object>
	<object class="AutomationPoint" id="{5f03252b-a419-4751-8fb2-987682101d75}">
		<property name="position">
			<value>15</value>
		</property>
		<property name="value">
			<value>10</value>
		</property>
		<property name="curveShape">
			<value>0.389751881</value>
		</property>
	</object>
	<object class="AutomationPoint" id="{b13d4136-08e0-4e21-8e00-d57d73681a70}">
		<property name="position">
			<value>100</value>
		</property>
		<property name="value">
			<value>10</value>
		</property>
	</object>
	<object class="AutomationPoint" id="{41835dca-0a7d-4796-b719-68abd19313d6}">
		<property name="position">
			<value>90</value>
		</property>
		<property name="value">
			<value>10</value>
		</property>
	</object>
	<object class="AutomationPoint" id="{9f86c22a-9971-48d7-b8ea-8017f591e1cd}">
		<property name="position">
			<value>0</value>
		</property>
		<property name="value">
			<value>10</value>
		</property>
	</object>
	<object class="AutomationPoint" id="{77b66c43-3c7d-474d-93f5-12c921ced60d}">
		<property name="position">
			<value>100</value>
		</property>
		<property name="value">
			<value>0</value>
		</property>
	</object>
	<object class="AutomationPoint" id="{f8744d12-4cc0-4632-b070-2af0d61e7550}">
		<property name="position">
			<value>0</value>
		</property>
		<property name="value">
			<value>0</value>
		</property>
	</object>
	<object class="AutomationPoint" id="{baa8f324-e4a5-4d1f-af88-71b455a9abd0}">
		<property name="position">
			<value>20</value>
		</property>
		<property name="value">
			<value>0</value>
		</property>
		<property name="curveShape">
			<value>0.8758443</value>
		</property>
	</object>
	<object class="AutomationPoint" id="{cf4bb60a-47d1-4c97-b49a-a37503006495}">
		<property name="position">
			<value>0</value>
		</property>
		<property name="value">
			<value>100</value>
		</property>
		<property name="curveShape">
			<value>0.378010184</value>
		</property>
	</object>
	<object class="AutomationPoint" id="{163bda98-1c9b-485c-a106-a8a3328ede49}">
		<property name="position">
			<value>40</value>
		</property>
		<property name="value">
			<value>100</value>
		</property>
		<property name="curveShape">
			<value>-0.342218101</value>
		</property>
	</object>
	<object class="AutomationPoint" id="{479203e4-9a7c-4a8b-9842-10d81fc3b6ae}">
		<property name="position">
			<value>60.593220338983052</value>
		</property>
		<property name="value">
			<value>126.585464</value>
		</property>
		<property name="curveShape">
			<value>0.773516059</value>
		</property>
	</object>
	<object class="AutomationPoint" id="{02fb7f3c-9aba-4f2d-a17f-a11499593d31}">
		<property name="position">
			<value>100</value>
		</property>
		<property name="value">
			<value>7604.0957</value>
		</property>
	</object>
</objects>
