<?xml version="1.0" encoding="UTF-8"?>
<objects serializationModel="Studio.02.02.00">
	<object class="Event" id="{9e686e14-0b7b-4bdb-83c5-cacb48b1ab52}">
		<property name="name">
			<value>monkey</value>
		</property>
		<property name="outputFormat">
			<value>2</value>
		</property>
		<relationship name="folder">
			<destination>{c0d0e7c2-def3-4f88-ba2c-54924c2878d5}</destination>
		</relationship>
		<relationship name="mixer">
			<destination>{77c6c710-5ee2-42b5-ada1-797712c88a10}</destination>
		</relationship>
		<relationship name="masterTrack">
			<destination>{5d59a38e-292b-475c-b44a-da61bee423be}</destination>
		</relationship>
		<relationship name="mixerInput">
			<destination>{f406438d-9f9c-4f1d-83dc-6b4ab8853459}</destination>
		</relationship>
		<relationship name="automatableProperties">
			<destination>{86fa4bad-fc78-4fa6-9dd9-c4102e6c7906}</destination>
		</relationship>
		<relationship name="markerTracks">
			<destination>{6943347f-2ec8-4d73-968b-0e3cd9f135d2}</destination>
		</relationship>
		<relationship name="groupTracks">
			<destination>{65a2553e-9d9e-4cda-9b2c-26dfaa70259f}</destination>
		</relationship>
		<relationship name="timeline">
			<destination>{dff11174-3409-49a5-8d9b-a8d433dcfff5}</destination>
		</relationship>
		<relationship name="banks">
			<destination>{8bd5c145-a5ae-4013-8aaa-4bb3870318c1}</destination>
		</relationship>
	</object>
	<object class="EventMixer" id="{77c6c710-5ee2-42b5-ada1-797712c88a10}">
		<relationship name="masterBus">
			<destination>{9b55cf9a-87cc-45e7-827d-0c00bb29d4a3}</destination>
		</relationship>
	</object>
	<object class="MasterTrack" id="{5d59a38e-292b-475c-b44a-da61bee423be}">
		<relationship name="mixerGroup">
			<destination>{9b55cf9a-87cc-45e7-827d-0c00bb29d4a3}</destination>
		</relationship>
	</object>
	<object class="MixerInput" id="{f406438d-9f9c-4f1d-83dc-6b4ab8853459}">
		<relationship name="effectChain">
			<destination>{17acd68b-59c7-41bf-82c4-c17c019ba4d2}</destination>
		</relationship>
		<relationship name="panner">
			<destination>{480140cc-899f-4bee-8707-0f4cf4cba263}</destination>
		</relationship>
		<relationship name="output">
			<destination>{142241b0-079a-466d-af01-cd5fe9e4dba8}</destination>
		</relationship>
	</object>
	<object class="EventAutomatableProperties" id="{86fa4bad-fc78-4fa6-9dd9-c4102e6c7906}" />
	<object class="MarkerTrack" id="{6943347f-2ec8-4d73-968b-0e3cd9f135d2}" />
	<object class="GroupTrack" id="{65a2553e-9d9e-4cda-9b2c-26dfaa70259f}">
		<relationship name="automationTracks">
			<destination>{e071d4c5-2fc8-47f5-888e-f253271b29df}</destination>
		</relationship>
		<relationship name="modules">
			<destination>{5f7a6b81-c306-4fdc-9db0-f02f183203e7}</destination>
		</relationship>
		<relationship name="mixerGroup">
			<destination>{a351fc31-a841-43f4-9586-f26bb618e7df}</destination>
		</relationship>
	</object>
	<object class="Timeline" id="{dff11174-3409-49a5-8d9b-a8d433dcfff5}">
		<relationship name="modules">
			<destination>{5f7a6b81-c306-4fdc-9db0-f02f183203e7}</destination>
		</relationship>
		<relationship name="markers">
			<destination>{1b78c910-ccab-4b4f-b2e2-699ddd0a4c7d}</destination>
		</relationship>
	</object>
	<object class="EventMixerMaster" id="{9b55cf9a-87cc-45e7-827d-0c00bb29d4a3}">
		<relationship name="effectChain">
			<destination>{8d6085c7-087e-41aa-bacb-88f37bfa9573}</destination>
		</relationship>
		<relationship name="panner">
			<destination>{583edb84-9894-4e0b-8172-b644d808ceea}</destination>
		</relationship>
		<relationship name="mixer">
			<destination>{77c6c710-5ee2-42b5-ada1-797712c88a10}</destination>
		</relationship>
	</object>
	<object class="MixerBusEffectChain" id="{17acd68b-59c7-41bf-82c4-c17c019ba4d2}">
		<relationship name="effects">
			<destination>{fd787dc1-7a30-42e2-8b3b-b6fa8345620e}</destination>
		</relationship>
	</object>
	<object class="MixerBusPanner" id="{480140cc-899f-4bee-8707-0f4cf4cba263}" />
	<object class="AutomationTrack" id="{e071d4c5-2fc8-47f5-888e-f253271b29df}">
		<relationship name="automator">
			<destination>{b332bcd0-5cd7-487b-87f8-c68e737dda77}</destination>
		</relationship>
	</object>
	<object class="SoundScatterer" id="{5f7a6b81-c306-4fdc-9db0-f02f183203e7}">
		<property name="length">
			<value>3</value>
		</property>
		<property name="polyphony">
			<value>1</value>
		</property>
		<property name="soundStealing">
			<value>3</value>
		</property>
		<property name="minimumTimeBetweenSounds">
			<value>1000</value>
		</property>
		<property name="maximumTimeBetweenSounds">
			<value>7000</value>
		</property>
		<property name="minimumScatterDistance">
			<value>0</value>
		</property>
		<property name="maximumScatterDistance">
			<value>0</value>
		</property>
		<property name="pitchRandomization">
			<value>1.39999998</value>
		</property>
		<relationship name="sound">
			<destination>{ee5bb789-bb78-4a08-b0f7-ff1bc1e0a3df}</destination>
		</relationship>
	</object>
	<object class="EventMixerGroup" id="{a351fc31-a841-43f4-9586-f26bb618e7df}">
		<property name="name">
			<value>Audio 1</value>
		</property>
		<relationship name="effectChain">
			<destination>{82b7d4f3-5c07-4e3c-acbe-f61da12e3812}</destination>
		</relationship>
		<relationship name="panner">
			<destination>{0f3606a2-a9c8-4f5f-b719-d87789a66313}</destination>
		</relationship>
		<relationship name="output">
			<destination>{9b55cf9a-87cc-45e7-827d-0c00bb29d4a3}</destination>
		</relationship>
	</object>
	<object class="LoopRegion" id="{1b78c910-ccab-4b4f-b2e2-699ddd0a4c7d}">
		<property name="position">
			<value>0</value>
		</property>
		<property name="length">
			<value>3</value>
		</property>
		<relationship name="timeline">
			<destination>{dff11174-3409-49a5-8d9b-a8d433dcfff5}</destination>
		</relationship>
		<relationship name="markerTrack">
			<destination>{6943347f-2ec8-4d73-968b-0e3cd9f135d2}</destination>
		</relationship>
	</object>
	<object class="MixerBusEffectChain" id="{8d6085c7-087e-41aa-bacb-88f37bfa9573}">
		<relationship name="effects">
			<destination>{4de8b3e4-fb8f-49b3-b363-27618904d002}</destination>
		</relationship>
	</object>
	<object class="MixerBusPanner" id="{583edb84-9894-4e0b-8172-b644d808ceea}" />
	<object class="MixerBusFader" id="{fd787dc1-7a30-42e2-8b3b-b6fa8345620e}" />
	<object class="MultiSound" id="{ee5bb789-bb78-4a08-b0f7-ff1bc1e0a3df}">
		<relationship name="sounds">
			<destination>{813c2f01-4478-44e3-89ca-a78df7b63f5b}</destination>
			<destination>{ebf0b2d0-a769-46a1-8ade-0af25f21c5fb}</destination>
			<destination>{a6bace54-9538-4c2d-a867-a0b12ea608da}</destination>
			<destination>{fc9b1c92-67ba-4323-9d1b-5c809506e019}</destination>
			<destination>{8b622e04-2ed5-4910-aa0c-57be0f1fa1c3}</destination>
			<destination>{f8d8e65b-aeb9-43c1-bb61-91a3487c0d77}</destination>
		</relationship>
		<relationship name="playPercentages">
			<destination>{666813df-c54c-49c7-9a39-7f10605de1f0}</destination>
		</relationship>
	</object>
	<object class="MixerBusEffectChain" id="{82b7d4f3-5c07-4e3c-acbe-f61da12e3812}">
		<relationship name="effects">
			<destination>{e2e1c773-79c1-433f-949a-c8c45d92e7c5}</destination>
			<destination>{f6c8fb0a-bc52-4f96-8ed6-cbab52635922}</destination>
			<destination>{d6bb77cb-56cc-43aa-837f-99fe410a45a8}</destination>
			<destination>{55650f7c-286d-4283-8e0b-87cf5c4fc68a}</destination>
		</relationship>
	</object>
	<object class="MixerBusPanner" id="{0f3606a2-a9c8-4f5f-b719-d87789a66313}" />
	<object class="MixerBusFader" id="{4de8b3e4-fb8f-49b3-b363-27618904d002}" />
	<object class="SingleSound" id="{813c2f01-4478-44e3-89ca-a78df7b63f5b}">
		<relationship name="audioFile">
			<destination>{97c312b2-ba34-4ee5-b90e-4b0de197ae1b}</destination>
		</relationship>
	</object>
	<object class="SingleSound" id="{ebf0b2d0-a769-46a1-8ade-0af25f21c5fb}">
		<relationship name="audioFile">
			<destination>{16276532-ccb1-4039-bbcc-3a0d92237fb0}</destination>
		</relationship>
	</object>
	<object class="SingleSound" id="{a6bace54-9538-4c2d-a867-a0b12ea608da}">
		<relationship name="audioFile">
			<destination>{1435a145-455c-4421-9878-fcf3c0005290}</destination>
		</relationship>
	</object>
	<object class="SingleSound" id="{fc9b1c92-67ba-4323-9d1b-5c809506e019}">
		<relationship name="audioFile">
			<destination>{4e2d1e6b-c9e8-4253-ac78-58c5643464a3}</destination>
		</relationship>
	</object>
	<object class="SingleSound" id="{8b622e04-2ed5-4910-aa0c-57be0f1fa1c3}">
		<relationship name="audioFile">
			<destination>{5481a8cc-c274-491c-850d-20dd3add2df3}</destination>
		</relationship>
	</object>
	<object class="SingleSound" id="{f8d8e65b-aeb9-43c1-bb61-91a3487c0d77}">
		<relationship name="audioFile">
			<destination>{3cca3563-de14-43cf-b43e-3ed5b8d285c5}</destination>
		</relationship>
	</object>
	<object class="PlayPercentage" id="{666813df-c54c-49c7-9a39-7f10605de1f0}">
		<property name="percentage">
			<value>1</value>
		</property>
		<relationship name="sound">
			<destination>{f8d8e65b-aeb9-43c1-bb61-91a3487c0d77}</destination>
		</relationship>
	</object>
	<object class="MixerBusFader" id="{e2e1c773-79c1-433f-949a-c8c45d92e7c5}" />
	<object class="SpatialiserEffect" id="{f6c8fb0a-bc52-4f96-8ed6-cbab52635922}" />
	<object class="LowpassEffect" id="{d6bb77cb-56cc-43aa-837f-99fe410a45a8}">
		<property name="cutoff">
			<value>22000</value>
		</property>
		<relationship name="automators">
			<destination>{b332bcd0-5cd7-487b-87f8-c68e737dda77}</destination>
		</relationship>
	</object>
	<object class="SFXReverbEffect" id="{55650f7c-286d-4283-8e0b-87cf5c4fc68a}">
		<property name="decayTime">
			<value>1700</value>
		</property>
		<property name="earlyDelay">
			<value>25</value>
		</property>
		<property name="HFDecayRatio">
			<value>60.5</value>
		</property>
		<property name="diffusion">
			<value>99.5</value>
		</property>
		<property name="density">
			<value>99.5</value>
		</property>
		<property name="lowShelfFrequency">
			<value>450</value>
		</property>
		<property name="highCut">
			<value>20000</value>
		</property>
		<property name="earlyLateMix">
			<value>100</value>
		</property>
		<property name="wetLevel">
			<value>0</value>
		</property>
		<property name="dryLevel">
			<value>10</value>
		</property>
		<relationship name="automators">
			<destination>{5dcfd86d-20ad-4ac9-9f0e-e52d47ad7203}</destination>
			<destination>{eee0e9d2-a629-4ca3-ac62-e12f31dbb204}</destination>
			<destination>{58efff48-1852-4c70-bea8-23e81f80e022}</destination>
			<destination>{ca08cff1-db01-4153-a088-899b44aeb99f}</destination>
			<destination>{8f9e0a9b-8718-4d3e-bef7-6ed7a1940bc7}</destination>
		</relationship>
	</object>
	<object class="Automator" id="{b332bcd0-5cd7-487b-87f8-c68e737dda77}">
		<property name="nameOfPropertyBeingAutomated">
			<value>cutoff</value>
		</property>
		<relationship name="automationCurves">
			<destination>{dd3d863b-50ae-4853-b5df-2094323ee710}</destination>
		</relationship>
	</object>
	<object class="Automator" id="{5dcfd86d-20ad-4ac9-9f0e-e52d47ad7203}">
		<property name="nameOfPropertyBeingAutomated">
			<value>HFDecayRatio</value>
		</property>
		<relationship name="automationCurves">
			<destination>{0d399f76-bd97-424c-8a83-7b675234e5af}</destination>
		</relationship>
	</object>
	<object class="Automator" id="{eee0e9d2-a629-4ca3-ac62-e12f31dbb204}">
		<property name="nameOfPropertyBeingAutomated">
			<value>lowShelfGain</value>
		</property>
		<relationship name="automationCurves">
			<destination>{a0e367f4-a60c-44c3-ac61-44dc47badf95}</destination>
		</relationship>
	</object>
	<object class="Automator" id="{58efff48-1852-4c70-bea8-23e81f80e022}">
		<property name="nameOfPropertyBeingAutomated">
			<value>wetLevel</value>
		</property>
		<relationship name="automationCurves">
			<destination>{96867d63-09a2-4769-a533-fd0390ed7e44}</destination>
		</relationship>
	</object>
	<object class="Automator" id="{ca08cff1-db01-4153-a088-899b44aeb99f}">
		<property name="nameOfPropertyBeingAutomated">
			<value>density</value>
		</property>
		<relationship name="automationCurves">
			<destination>{771f34a4-ec1f-40ee-8342-effeac80e4d2}</destination>
		</relationship>
	</object>
	<object class="Automator" id="{8f9e0a9b-8718-4d3e-bef7-6ed7a1940bc7}">
		<property name="nameOfPropertyBeingAutomated">
			<value>decayTime</value>
		</property>
		<relationship name="automationCurves">
			<destination>{1e719c0f-3ccf-44bf-8dd2-c3d3fadb1233}</destination>
		</relationship>
	</object>
	<object class="AutomationCurve" id="{dd3d863b-50ae-4853-b5df-2094323ee710}">
		<relationship name="parameter">
			<destination>{5deb0022-0d8a-4165-8328-2f054e32be87}</destination>
		</relationship>
		<relationship name="automationPoints">
			<destination>{39282ff4-7f02-45ea-bdab-ee1e43e05ec8}</destination>
			<destination>{32021597-2f67-412a-9301-7b23943bf63a}</destination>
		</relationship>
	</object>
	<object class="AutomationCurve" id="{0d399f76-bd97-424c-8a83-7b675234e5af}">
		<relationship name="parameter">
			<destination>{280458db-5e83-48c3-8160-b55484502d50}</destination>
		</relationship>
		<relationship name="automationPoints">
			<destination>{7e34442a-e43b-4a6f-8f3d-154894a0bb1e}</destination>
			<destination>{e2b90e4d-c1f3-406f-85f6-4c0a47ffce5b}</destination>
			<destination>{9c3da187-fdec-4133-a368-8881db49abbb}</destination>
		</relationship>
	</object>
	<object class="AutomationCurve" id="{a0e367f4-a60c-44c3-ac61-44dc47badf95}">
		<relationship name="parameter">
			<destination>{280458db-5e83-48c3-8160-b55484502d50}</destination>
		</relationship>
		<relationship name="automationPoints">
			<destination>{b0dba4bd-f2af-41d5-af96-bf0348eed036}</destination>
			<destination>{44d32457-8d9e-4b70-920d-7025d1514cb8}</destination>
			<destination>{e8cbdafc-62d3-4bbb-a88b-09540b40924d}</destination>
		</relationship>
	</object>
	<object class="AutomationCurve" id="{96867d63-09a2-4769-a533-fd0390ed7e44}">
		<relationship name="parameter">
			<destination>{280458db-5e83-48c3-8160-b55484502d50}</destination>
		</relationship>
		<relationship name="automationPoints">
			<destination>{d0ba7c7f-ec32-4041-9e3d-071636f131de}</destination>
			<destination>{d3caf0e8-c85a-4968-9d7f-0b3a7363c6f8}</destination>
			<destination>{cd43e2fe-54c9-4130-83b3-f7a32522f4d8}</destination>
			<destination>{2f84934a-80a3-4e20-8451-953878e8cdaa}</destination>
		</relationship>
	</object>
	<object class="AutomationCurve" id="{771f34a4-ec1f-40ee-8342-effeac80e4d2}">
		<relationship name="parameter">
			<destination>{280458db-5e83-48c3-8160-b55484502d50}</destination>
		</relationship>
		<relationship name="automationPoints">
			<destination>{07f046b4-0871-4983-9cff-411eecac57d9}</destination>
			<destination>{01ae02c6-4eda-4d07-89f7-ac8a052ad062}</destination>
			<destination>{4e426306-b675-431e-81d2-f9c609d884e4}</destination>
		</relationship>
	</object>
	<object class="AutomationCurve" id="{1e719c0f-3ccf-44bf-8dd2-c3d3fadb1233}">
		<relationship name="parameter">
			<destination>{280458db-5e83-48c3-8160-b55484502d50}</destination>
		</relationship>
		<relationship name="automationPoints">
			<destination>{fcf16f05-1a84-4490-a627-858e00537ecd}</destination>
			<destination>{4cfa46c0-1ae0-47da-8df3-77a5ba453e09}</destination>
			<destination>{3530bfbb-9f10-4091-8c8c-0aa0382d85f6}</destination>
			<destination>{f8b9984e-7b25-44b5-9062-7592039c8a4a}</destination>
		</relationship>
	</object>
	<object class="AutomationPoint" id="{39282ff4-7f02-45ea-bdab-ee1e43e05ec8}">
		<property name="position">
			<value>1</value>
		</property>
		<property name="value">
			<value>10</value>
		</property>
	</object>
	<object class="AutomationPoint" id="{32021597-2f67-412a-9301-7b23943bf63a}">
		<property name="position">
			<value>0</value>
		</property>
		<property name="value">
			<value>22000</value>
		</property>
	</object>
	<object class="AutomationPoint" id="{7e34442a-e43b-4a6f-8f3d-154894a0bb1e}">
		<property name="position">
			<value>0</value>
		</property>
		<property name="value">
			<value>10</value>
		</property>
	</object>
	<object class="AutomationPoint" id="{e2b90e4d-c1f3-406f-85f6-4c0a47ffce5b}">
		<property name="position">
			<value>100</value>
		</property>
		<property name="value">
			<value>60.0000038</value>
		</property>
	</object>
	<object class="AutomationPoint" id="{9c3da187-fdec-4133-a368-8881db49abbb}">
		<property name="position">
			<value>20.197740112994349</value>
		</property>
		<property name="value">
			<value>48</value>
		</property>
	</object>
	<object class="AutomationPoint" id="{b0dba4bd-f2af-41d5-af96-bf0348eed036}">
		<property name="position">
			<value>0</value>
		</property>
		<property name="value">
			<value>-36</value>
		</property>
		<property name="curveShape">
			<value>-0.14231357</value>
		</property>
	</object>
	<object class="AutomationPoint" id="{44d32457-8d9e-4b70-920d-7025d1514cb8}">
		<property name="position">
			<value>100</value>
		</property>
		<property name="value">
			<value>-27</value>
		</property>
	</object>
	<object class="AutomationPoint" id="{e8cbdafc-62d3-4bbb-a88b-09540b40924d}">
		<property name="position">
			<value>85</value>
		</property>
		<property name="value">
			<value>-27</value>
		</property>
		<property name="curveShape">
			<value>0.344334036</value>
		</property>
	</object>
	<object class="AutomationPoint" id="{d0ba7c7f-ec32-4041-9e3d-071636f131de}">
		<property name="position">
			<value>15</value>
		</property>
		<property name="value">
			<value>10</value>
		</property>
		<property name="curveShape">
			<value>0.389751881</value>
		</property>
	</object>
	<object class="AutomationPoint" id="{d3caf0e8-c85a-4968-9d7f-0b3a7363c6f8}">
		<property name="position">
			<value>100</value>
		</property>
		<property name="value">
			<value>10</value>
		</property>
	</object>
	<object class="AutomationPoint" id="{cd43e2fe-54c9-4130-83b3-f7a32522f4d8}">
		<property name="position">
			<value>90</value>
		</property>
		<property name="value">
			<value>10</value>
		</property>
	</object>
	<object class="AutomationPoint" id="{2f84934a-80a3-4e20-8451-953878e8cdaa}">
		<property name="position">
			<value>0</value>
		</property>
		<property name="value">
			<value>10</value>
		</property>
	</object>
	<object class="AutomationPoint" id="{07f046b4-0871-4983-9cff-411eecac57d9}">
		<property name="position">
			<value>100</value>
		</property>
		<property name="value">
			<value>0</value>
		</property>
	</object>
	<object class="AutomationPoint" id="{01ae02c6-4eda-4d07-89f7-ac8a052ad062}">
		<property name="position">
			<value>0</value>
		</property>
		<property name="value">
			<value>0</value>
		</property>
	</object>
	<object class="AutomationPoint" id="{4e426306-b675-431e-81d2-f9c609d884e4}">
		<property name="position">
			<value>20</value>
		</property>
		<property name="value">
			<value>0</value>
		</property>
		<property name="curveShape">
			<value>0.8758443</value>
		</property>
	</object>
	<object class="AutomationPoint" id="{fcf16f05-1a84-4490-a627-858e00537ecd}">
		<property name="position">
			<value>0</value>
		</property>
		<property name="value">
			<value>100</value>
		</property>
		<property name="curveShape">
			<value>0.378010184</value>
		</property>
	</object>
	<object class="AutomationPoint" id="{4cfa46c0-1ae0-47da-8df3-77a5ba453e09}">
		<property name="position">
			<value>40</value>
		</property>
		<property name="value">
			<value>100</value>
		</property>
		<property name="curveShape">
			<value>-0.342218101</value>
		</property>
	</object>
	<object class="AutomationPoint" id="{3530bfbb-9f10-4091-8c8c-0aa0382d85f6}">
		<property name="position">
			<value>60.593220338983052</value>
		</property>
		<property name="value">
			<value>126.585464</value>
		</property>
		<property name="curveShape">
			<value>0.773516059</value>
		</property>
	</object>
	<object class="AutomationPoint" id="{f8b9984e-7b25-44b5-9062-7592039c8a4a}">
		<property name="position">
			<value>100</value>
		</property>
		<property name="value">
			<value>7604.0957</value>
		</property>
	</object>
</objects>
