<?xml version="1.0" encoding="UTF-8"?>
<objects serializationModel="Studio.02.02.00">
	<object class="Event" id="{e91024d4-a203-4da4-96c6-2a4a8e528dff}">
		<property name="name">
			<value>bird</value>
		</property>
		<property name="outputFormat">
			<value>2</value>
		</property>
		<relationship name="folder">
			<destination>{c0d0e7c2-def3-4f88-ba2c-54924c2878d5}</destination>
		</relationship>
		<relationship name="mixer">
			<destination>{66e2f360-2669-4dfb-ba13-9b9505107356}</destination>
		</relationship>
		<relationship name="masterTrack">
			<destination>{ba74f50b-2846-4a9a-a796-aa6d8a9ee799}</destination>
		</relationship>
		<relationship name="mixerInput">
			<destination>{e94b6f7b-2203-4422-aeab-d65db2f77717}</destination>
		</relationship>
		<relationship name="automatableProperties">
			<destination>{fe0ec8ac-ab24-4e95-b618-ca47f82ab753}</destination>
		</relationship>
		<relationship name="markerTracks">
			<destination>{ee8bd2dc-0e23-41ed-946d-3a2866502ead}</destination>
		</relationship>
		<relationship name="groupTracks">
			<destination>{3168912f-f6f9-4229-ba49-7c016de4d4bf}</destination>
		</relationship>
		<relationship name="timeline">
			<destination>{450e3093-a212-4a0f-91ed-2657d6d78f2e}</destination>
		</relationship>
		<relationship name="banks">
			<destination>{8bd5c145-a5ae-4013-8aaa-4bb3870318c1}</destination>
		</relationship>
	</object>
	<object class="EventMixer" id="{66e2f360-2669-4dfb-ba13-9b9505107356}">
		<relationship name="masterBus">
			<destination>{cd24be06-e036-4468-a940-9d76bb076e7e}</destination>
		</relationship>
	</object>
	<object class="MasterTrack" id="{ba74f50b-2846-4a9a-a796-aa6d8a9ee799}">
		<relationship name="mixerGroup">
			<destination>{cd24be06-e036-4468-a940-9d76bb076e7e}</destination>
		</relationship>
	</object>
	<object class="MixerInput" id="{e94b6f7b-2203-4422-aeab-d65db2f77717}">
		<relationship name="effectChain">
			<destination>{4c60284d-0600-47c8-bf3e-46ad5392da84}</destination>
		</relationship>
		<relationship name="panner">
			<destination>{8e5006c8-20ee-44a6-bb1f-5fba6b3accdd}</destination>
		</relationship>
		<relationship name="output">
			<destination>{142241b0-079a-466d-af01-cd5fe9e4dba8}</destination>
		</relationship>
	</object>
	<object class="EventAutomatableProperties" id="{fe0ec8ac-ab24-4e95-b618-ca47f82ab753}" />
	<object class="MarkerTrack" id="{ee8bd2dc-0e23-41ed-946d-3a2866502ead}" />
	<object class="GroupTrack" id="{3168912f-f6f9-4229-ba49-7c016de4d4bf}">
		<relationship name="modules">
			<destination>{f686a6b9-3ad1-4104-a2c8-5546c87d3c99}</destination>
		</relationship>
		<relationship name="mixerGroup">
			<destination>{47ba6085-e570-41bb-a911-94bc7664bfc6}</destination>
		</relationship>
	</object>
	<object class="Timeline" id="{450e3093-a212-4a0f-91ed-2657d6d78f2e}">
		<relationship name="modules">
			<destination>{f686a6b9-3ad1-4104-a2c8-5546c87d3c99}</destination>
		</relationship>
		<relationship name="markers">
			<destination>{9684ea72-cb8c-4a00-bc88-935201f0828d}</destination>
		</relationship>
	</object>
	<object class="EventMixerMaster" id="{cd24be06-e036-4468-a940-9d76bb076e7e}">
		<relationship name="effectChain">
			<destination>{47e950f8-2b5c-48b3-9a65-df594a885f9b}</destination>
		</relationship>
		<relationship name="panner">
			<destination>{f4ac3864-4bd7-4d13-8153-20f3ae4161ab}</destination>
		</relationship>
		<relationship name="mixer">
			<destination>{66e2f360-2669-4dfb-ba13-9b9505107356}</destination>
		</relationship>
	</object>
	<object class="MixerBusEffectChain" id="{4c60284d-0600-47c8-bf3e-46ad5392da84}">
		<relationship name="effects">
			<destination>{adb80951-167d-4585-b6db-f9d97352476d}</destination>
		</relationship>
	</object>
	<object class="MixerBusPanner" id="{8e5006c8-20ee-44a6-bb1f-5fba6b3accdd}" />
	<object class="SoundScatterer" id="{f686a6b9-3ad1-4104-a2c8-5546c87d3c99}">
		<property name="length">
			<value>3</value>
		</property>
		<property name="polyphony">
			<value>1</value>
		</property>
		<property name="soundStealing">
			<value>3</value>
		</property>
		<property name="minimumTimeBetweenSounds">
			<value>1000</value>
		</property>
		<property name="maximumTimeBetweenSounds">
			<value>7000</value>
		</property>
		<property name="minimumScatterDistance">
			<value>0</value>
		</property>
		<property name="maximumScatterDistance">
			<value>0</value>
		</property>
		<property name="pitchRandomization">
			<value>1.39999998</value>
		</property>
		<relationship name="sound">
			<destination>{0ceed04c-7770-40f0-a1d6-048f46bb6352}</destination>
		</relationship>
	</object>
	<object class="EventMixerGroup" id="{47ba6085-e570-41bb-a911-94bc7664bfc6}">
		<property name="name">
			<value>Audio 1</value>
		</property>
		<relationship name="effectChain">
			<destination>{2b351f08-bbcb-430e-8e83-eb71dcd69fe2}</destination>
		</relationship>
		<relationship name="panner">
			<destination>{8a00364c-4fdb-4f60-aeed-59881f258124}</destination>
		</relationship>
		<relationship name="output">
			<destination>{cd24be06-e036-4468-a940-9d76bb076e7e}</destination>
		</relationship>
	</object>
	<object class="LoopRegion" id="{9684ea72-cb8c-4a00-bc88-935201f0828d}">
		<property name="position">
			<value>0</value>
		</property>
		<property name="length">
			<value>3</value>
		</property>
		<relationship name="timeline">
			<destination>{450e3093-a212-4a0f-91ed-2657d6d78f2e}</destination>
		</relationship>
		<relationship name="markerTrack">
			<destination>{ee8bd2dc-0e23-41ed-946d-3a2866502ead}</destination>
		</relationship>
	</object>
	<object class="MixerBusEffectChain" id="{47e950f8-2b5c-48b3-9a65-df594a885f9b}">
		<relationship name="effects">
			<destination>{480dc7ad-0f89-4979-811e-69dd88ed1b26}</destination>
		</relationship>
	</object>
	<object class="MixerBusPanner" id="{f4ac3864-4bd7-4d13-8153-20f3ae4161ab}" />
	<object class="MixerBusFader" id="{adb80951-167d-4585-b6db-f9d97352476d}" />
	<object class="MultiSound" id="{0ceed04c-7770-40f0-a1d6-048f46bb6352}">
		<relationship name="sounds">
			<destination>{dd976b87-707b-4b84-9edd-38a47ad6e49e}</destination>
			<destination>{0d2912e0-0917-465c-ba3c-9632a4088529}</destination>
			<destination>{3310c120-d1a1-44c0-a716-1b87512dc100}</destination>
			<destination>{c7cbfcf4-f829-4a47-8ff6-cbfa11de1279}</destination>
			<destination>{57499039-2de4-48f9-9ca2-1b05964ac70f}</destination>
			<destination>{04d3cc67-4e79-428c-a0fb-f542b26521fa}</destination>
		</relationship>
		<relationship name="playPercentages">
			<destination>{c3aaa7bd-1bff-4c04-bf50-a6da9d4f8c15}</destination>
		</relationship>
	</object>
	<object class="MixerBusEffectChain" id="{2b351f08-bbcb-430e-8e83-eb71dcd69fe2}">
		<relationship name="effects">
			<destination>{366b93fd-447e-4f2a-ad5d-c793fe07bd48}</destination>
			<destination>{7c5fdba7-7357-4c4d-b467-5619bb489a0c}</destination>
			<destination>{a5e3c471-a814-4071-908c-3f63fec4243f}</destination>
			<destination>{eff4f7da-9381-47b1-9274-49edaa7693c3}</destination>
		</relationship>
	</object>
	<object class="MixerBusPanner" id="{8a00364c-4fdb-4f60-aeed-59881f258124}" />
	<object class="MixerBusFader" id="{480dc7ad-0f89-4979-811e-69dd88ed1b26}" />
	<object class="SingleSound" id="{dd976b87-707b-4b84-9edd-38a47ad6e49e}">
		<relationship name="audioFile">
			<destination>{964c99ea-b27a-45de-a5e2-05f28c9a208e}</destination>
		</relationship>
	</object>
	<object class="SingleSound" id="{0d2912e0-0917-465c-ba3c-9632a4088529}">
		<relationship name="audioFile">
			<destination>{cb9eb821-24cf-4e7a-85a8-d6ef15f7c162}</destination>
		</relationship>
	</object>
	<object class="SingleSound" id="{3310c120-d1a1-44c0-a716-1b87512dc100}">
		<relationship name="audioFile">
			<destination>{8365f005-3649-4da3-8bbe-570f4c82d20b}</destination>
		</relationship>
	</object>
	<object class="SingleSound" id="{c7cbfcf4-f829-4a47-8ff6-cbfa11de1279}">
		<relationship name="audioFile">
			<destination>{c169bc64-c916-4b8b-a884-c71b235ab411}</destination>
		</relationship>
	</object>
	<object class="SingleSound" id="{57499039-2de4-48f9-9ca2-1b05964ac70f}">
		<relationship name="audioFile">
			<destination>{f7493b32-b457-4bba-8440-47ff0a8fd715}</destination>
		</relationship>
	</object>
	<object class="SingleSound" id="{04d3cc67-4e79-428c-a0fb-f542b26521fa}">
		<relationship name="audioFile">
			<destination>{40b9d77c-0af8-421b-abfc-1d72cc9d459c}</destination>
		</relationship>
	</object>
	<object class="PlayPercentage" id="{c3aaa7bd-1bff-4c04-bf50-a6da9d4f8c15}">
		<property name="percentage">
			<value>5</value>
		</property>
		<relationship name="sound">
			<destination>{dd976b87-707b-4b84-9edd-38a47ad6e49e}</destination>
		</relationship>
	</object>
	<object class="MixerBusFader" id="{366b93fd-447e-4f2a-ad5d-c793fe07bd48}" />
	<object class="SpatialiserEffect" id="{7c5fdba7-7357-4c4d-b467-5619bb489a0c}" />
	<object class="LowpassEffect" id="{a5e3c471-a814-4071-908c-3f63fec4243f}">
		<property name="cutoff">
			<value>22000</value>
		</property>
		<relationship name="automators">
			<destination>{8533c667-ea97-4b3a-8e9a-94e61581a959}</destination>
		</relationship>
	</object>
	<object class="SFXReverbEffect" id="{eff4f7da-9381-47b1-9274-49edaa7693c3}">
		<property name="decayTime">
			<value>1700</value>
		</property>
		<property name="earlyDelay">
			<value>25</value>
		</property>
		<property name="HFDecayRatio">
			<value>60.5</value>
		</property>
		<property name="diffusion">
			<value>99.5</value>
		</property>
		<property name="density">
			<value>99.5</value>
		</property>
		<property name="lowShelfFrequency">
			<value>450</value>
		</property>
		<property name="highCut">
			<value>20000</value>
		</property>
		<property name="earlyLateMix">
			<value>100</value>
		</property>
		<property name="wetLevel">
			<value>0</value>
		</property>
		<property name="dryLevel">
			<value>10</value>
		</property>
		<relationship name="automators">
			<destination>{e684db9d-8e6a-4ab3-9645-beff47bd474e}</destination>
			<destination>{896bd3c6-673f-4d61-81bf-ca6f03d437e5}</destination>
			<destination>{911d1908-547d-4d83-8d38-512eca373c33}</destination>
			<destination>{d7705373-6649-4fcc-b30f-46448d3495b2}</destination>
			<destination>{f7c4d81b-d677-40aa-b7aa-a41faeb4df8b}</destination>
		</relationship>
	</object>
	<object class="Automator" id="{8533c667-ea97-4b3a-8e9a-94e61581a959}">
		<property name="nameOfPropertyBeingAutomated">
			<value>cutoff</value>
		</property>
		<relationship name="automationCurves">
			<destination>{eadd63c9-9936-4d07-be03-bbe51a2ac8eb}</destination>
		</relationship>
	</object>
	<object class="Automator" id="{e684db9d-8e6a-4ab3-9645-beff47bd474e}">
		<property name="nameOfPropertyBeingAutomated">
			<value>HFDecayRatio</value>
		</property>
		<relationship name="automationCurves">
			<destination>{e01336a2-3e77-4df0-beb8-3ba6405ab04c}</destination>
		</relationship>
	</object>
	<object class="Automator" id="{896bd3c6-673f-4d61-81bf-ca6f03d437e5}">
		<property name="nameOfPropertyBeingAutomated">
			<value>lowShelfGain</value>
		</property>
		<relationship name="automationCurves">
			<destination>{3e84fa41-0a86-4f0b-9162-9ca3705e18ee}</destination>
		</relationship>
	</object>
	<object class="Automator" id="{911d1908-547d-4d83-8d38-512eca373c33}">
		<property name="nameOfPropertyBeingAutomated">
			<value>wetLevel</value>
		</property>
		<relationship name="automationCurves">
			<destination>{57ac0b8b-21ec-45c6-b885-a392a0b166e7}</destination>
		</relationship>
	</object>
	<object class="Automator" id="{d7705373-6649-4fcc-b30f-46448d3495b2}">
		<property name="nameOfPropertyBeingAutomated">
			<value>density</value>
		</property>
		<relationship name="automationCurves">
			<destination>{d54a1596-bfcb-4d49-9d1d-22da500769cb}</destination>
		</relationship>
	</object>
	<object class="Automator" id="{f7c4d81b-d677-40aa-b7aa-a41faeb4df8b}">
		<property name="nameOfPropertyBeingAutomated">
			<value>decayTime</value>
		</property>
		<relationship name="automationCurves">
			<destination>{fe72a5ad-a193-431b-8a2c-50204730baf9}</destination>
		</relationship>
	</object>
	<object class="AutomationCurve" id="{eadd63c9-9936-4d07-be03-bbe51a2ac8eb}">
		<relationship name="parameter">
			<destination>{5deb0022-0d8a-4165-8328-2f054e32be87}</destination>
		</relationship>
		<relationship name="automationPoints">
			<destination>{d6710040-3761-42dc-8575-fd622adb5c73}</destination>
			<destination>{6dd69a62-2aa0-4162-ab19-96f8e13de584}</destination>
		</relationship>
	</object>
	<object class="AutomationCurve" id="{e01336a2-3e77-4df0-beb8-3ba6405ab04c}">
		<relationship name="parameter">
			<destination>{280458db-5e83-48c3-8160-b55484502d50}</destination>
		</relationship>
		<relationship name="automationPoints">
			<destination>{3434204d-0b03-4155-b546-42263f2071ab}</destination>
			<destination>{eb38d3c3-ef96-41fe-8882-3572a2ea2cc2}</destination>
			<destination>{dabd3c87-fcfd-4de3-a095-ab7b554b5285}</destination>
		</relationship>
	</object>
	<object class="AutomationCurve" id="{3e84fa41-0a86-4f0b-9162-9ca3705e18ee}">
		<relationship name="parameter">
			<destination>{280458db-5e83-48c3-8160-b55484502d50}</destination>
		</relationship>
		<relationship name="automationPoints">
			<destination>{82f025e8-22ee-47ec-bc5b-f4facfdce83f}</destination>
			<destination>{8967237a-fb94-49c5-871f-21131414de9b}</destination>
			<destination>{66984ec2-ba85-44bf-a935-30e78de76169}</destination>
		</relationship>
	</object>
	<object class="AutomationCurve" id="{57ac0b8b-21ec-45c6-b885-a392a0b166e7}">
		<relationship name="parameter">
			<destination>{280458db-5e83-48c3-8160-b55484502d50}</destination>
		</relationship>
		<relationship name="automationPoints">
			<destination>{47bed009-afe4-482d-a19f-0f54e42d1176}</destination>
			<destination>{d4586ce4-8e06-40d9-907d-d58061aa6f37}</destination>
			<destination>{c479992e-ab3c-4ad1-8da8-8d7bd92b64cf}</destination>
			<destination>{728a6529-20b2-47aa-95d1-3e98985b0671}</destination>
		</relationship>
	</object>
	<object class="AutomationCurve" id="{d54a1596-bfcb-4d49-9d1d-22da500769cb}">
		<relationship name="parameter">
			<destination>{280458db-5e83-48c3-8160-b55484502d50}</destination>
		</relationship>
		<relationship name="automationPoints">
			<destination>{bfa410e3-5274-49b7-ae62-a101155ccb78}</destination>
			<destination>{8130a53b-d325-4248-beab-f0ac8a775a08}</destination>
			<destination>{160c7736-a942-46ad-8567-ad88c2107da9}</destination>
		</relationship>
	</object>
	<object class="AutomationCurve" id="{fe72a5ad-a193-431b-8a2c-50204730baf9}">
		<relationship name="parameter">
			<destination>{280458db-5e83-48c3-8160-b55484502d50}</destination>
		</relationship>
		<relationship name="automationPoints">
			<destination>{e4c503fb-2834-42bb-b384-d1ce3673c4a2}</destination>
			<destination>{866f6031-a0e3-4abe-8833-e20eb88d46e9}</destination>
			<destination>{6d77f9b0-fc1b-404d-9fe3-7e8739498e24}</destination>
			<destination>{48779e17-33bf-47b2-8a3b-75d591ed1e16}</destination>
		</relationship>
	</object>
	<object class="AutomationPoint" id="{d6710040-3761-42dc-8575-fd622adb5c73}">
		<property name="position">
			<value>1</value>
		</property>
		<property name="value">
			<value>10</value>
		</property>
	</object>
	<object class="AutomationPoint" id="{6dd69a62-2aa0-4162-ab19-96f8e13de584}">
		<property name="position">
			<value>0</value>
		</property>
		<property name="value">
			<value>22000</value>
		</property>
	</object>
	<object class="AutomationPoint" id="{3434204d-0b03-4155-b546-42263f2071ab}">
		<property name="position">
			<value>0</value>
		</property>
		<property name="value">
			<value>10</value>
		</property>
	</object>
	<object class="AutomationPoint" id="{eb38d3c3-ef96-41fe-8882-3572a2ea2cc2}">
		<property name="position">
			<value>100</value>
		</property>
		<property name="value">
			<value>60.0000038</value>
		</property>
	</object>
	<object class="AutomationPoint" id="{dabd3c87-fcfd-4de3-a095-ab7b554b5285}">
		<property name="position">
			<value>20.197740112994349</value>
		</property>
		<property name="value">
			<value>48</value>
		</property>
	</object>
	<object class="AutomationPoint" id="{82f025e8-22ee-47ec-bc5b-f4facfdce83f}">
		<property name="position">
			<value>0</value>
		</property>
		<property name="value">
			<value>-36</value>
		</property>
		<property name="curveShape">
			<value>-0.14231357</value>
		</property>
	</object>
	<object class="AutomationPoint" id="{8967237a-fb94-49c5-871f-21131414de9b}">
		<property name="position">
			<value>100</value>
		</property>
		<property name="value">
			<value>-27</value>
		</property>
	</object>
	<object class="AutomationPoint" id="{66984ec2-ba85-44bf-a935-30e78de76169}">
		<property name="position">
			<value>85</value>
		</property>
		<property name="value">
			<value>-27</value>
		</property>
		<property name="curveShape">
			<value>0.344334036</value>
		</property>
	</object>
	<object class="AutomationPoint" id="{47bed009-afe4-482d-a19f-0f54e42d1176}">
		<property name="position">
			<value>15</value>
		</property>
		<property name="value">
			<value>10</value>
		</property>
		<property name="curveShape">
			<value>0.389751881</value>
		</property>
	</object>
	<object class="AutomationPoint" id="{d4586ce4-8e06-40d9-907d-d58061aa6f37}">
		<property name="position">
			<value>100</value>
		</property>
		<property name="value">
			<value>10</value>
		</property>
	</object>
	<object class="AutomationPoint" id="{c479992e-ab3c-4ad1-8da8-8d7bd92b64cf}">
		<property name="position">
			<value>90</value>
		</property>
		<property name="value">
			<value>10</value>
		</property>
	</object>
	<object class="AutomationPoint" id="{728a6529-20b2-47aa-95d1-3e98985b0671}">
		<property name="position">
			<value>0</value>
		</property>
		<property name="value">
			<value>10</value>
		</property>
	</object>
	<object class="AutomationPoint" id="{bfa410e3-5274-49b7-ae62-a101155ccb78}">
		<property name="position">
			<value>100</value>
		</property>
		<property name="value">
			<value>0</value>
		</property>
	</object>
	<object class="AutomationPoint" id="{8130a53b-d325-4248-beab-f0ac8a775a08}">
		<property name="position">
			<value>0</value>
		</property>
		<property name="value">
			<value>0</value>
		</property>
	</object>
	<object class="AutomationPoint" id="{160c7736-a942-46ad-8567-ad88c2107da9}">
		<property name="position">
			<value>20</value>
		</property>
		<property name="value">
			<value>0</value>
		</property>
		<property name="curveShape">
			<value>0.8758443</value>
		</property>
	</object>
	<object class="AutomationPoint" id="{e4c503fb-2834-42bb-b384-d1ce3673c4a2}">
		<property name="position">
			<value>0</value>
		</property>
		<property name="value">
			<value>100</value>
		</property>
		<property name="curveShape">
			<value>0.378010184</value>
		</property>
	</object>
	<object class="AutomationPoint" id="{866f6031-a0e3-4abe-8833-e20eb88d46e9}">
		<property name="position">
			<value>40</value>
		</property>
		<property name="value">
			<value>100</value>
		</property>
		<property name="curveShape">
			<value>-0.342218101</value>
		</property>
	</object>
	<object class="AutomationPoint" id="{6d77f9b0-fc1b-404d-9fe3-7e8739498e24}">
		<property name="position">
			<value>60.593220338983052</value>
		</property>
		<property name="value">
			<value>126.585464</value>
		</property>
		<property name="curveShape">
			<value>0.773516059</value>
		</property>
	</object>
	<object class="AutomationPoint" id="{48779e17-33bf-47b2-8a3b-75d591ed1e16}">
		<property name="position">
			<value>100</value>
		</property>
		<property name="value">
			<value>7604.0957</value>
		</property>
	</object>
</objects>
