<?xml version="1.0" encoding="UTF-8"?>
<objects serializationModel="Studio.02.02.00">
	<object class="ParameterPreset" id="{6d4743a2-c735-4269-9f4d-8b833949c4fa}">
		<property name="name">
			<value>Occlusion</value>
		</property>
		<relationship name="folder">
			<destination>{079a8b70-c583-4a87-b53e-ed49d78f4fe3}</destination>
		</relationship>
		<relationship name="parameter">
			<destination>{5deb0022-0d8a-4165-8328-2f054e32be87}</destination>
		</relationship>
	</object>
	<object class="GameParameter" id="{5deb0022-0d8a-4165-8328-2f054e32be87}">
		<property name="initialValue">
			<value>0</value>
		</property>
		<property name="seekSpeed">
			<value>1</value>
		</property>
	</object>
</objects>
