<?xml version="1.0" encoding="UTF-8"?>
<objects serializationModel="Studio.02.02.00">
	<object class="ParameterPreset" id="{c49c6e27-fa59-4dfa-bbba-e67fba2f6f88}">
		<property name="name">
			<value>grassDistance</value>
		</property>
		<relationship name="folder">
			<destination>{079a8b70-c583-4a87-b53e-ed49d78f4fe3}</destination>
		</relationship>
		<relationship name="parameter">
			<destination>{966e296c-2cdf-4af8-b8b0-155bc76f17a4}</destination>
		</relationship>
	</object>
	<object class="GameParameter" id="{966e296c-2cdf-4af8-b8b0-155bc76f17a4}">
		<property name="initialValue">
			<value>0</value>
		</property>
	</object>
</objects>
