<?xml version="1.0" encoding="UTF-8"?>
<objects serializationModel="Studio.02.02.00">
	<object class="ParameterPreset" id="{c544963e-6d77-43cf-b340-fd7eb08f5b37}">
		<property name="name">
			<value>Reverb</value>
		</property>
		<relationship name="folder">
			<destination>{079a8b70-c583-4a87-b53e-ed49d78f4fe3}</destination>
		</relationship>
		<relationship name="parameter">
			<destination>{280458db-5e83-48c3-8160-b55484502d50}</destination>
		</relationship>
	</object>
	<object class="GameParameter" id="{280458db-5e83-48c3-8160-b55484502d50}">
		<property name="maximum">
			<value>100</value>
		</property>
		<property name="initialValue">
			<value>0</value>
		</property>
	</object>
</objects>
