<?xml version="1.0" encoding="UTF-8"?>
<objects serializationModel="Studio.02.02.00">
	<object class="AudioFile" id="{650b7064-a3da-43c7-9ca1-3da0c5aa923d}">
		<property name="assetPath">
			<value>SF-run_sand2.wav</value>
		</property>
		<property name="frequencyInKHz">
			<value>44.0999985</value>
		</property>
		<property name="channelCount">
			<value>2</value>
		</property>
		<property name="length">
			<value>0.37544217687074832</value>
		</property>
		<relationship name="masterAssetFolder">
			<destination>{106a5302-0d4a-4125-be41-9b59db1bc729}</destination>
		</relationship>
	</object>
</objects>
