<?xml version="1.0" encoding="UTF-8"?>
<objects serializationModel="Studio.02.02.00">
	<object class="AudioFile" id="{84c3ae44-e774-40c8-b5bd-8156977f03f0}">
		<property name="assetPath">
			<value>water1.wav</value>
		</property>
		<property name="frequencyInKHz">
			<value>44.0999985</value>
		</property>
		<property name="channelCount">
			<value>2</value>
		</property>
		<property name="length">
			<value>0.7944444444444444</value>
		</property>
		<relationship name="masterAssetFolder">
			<destination>{106a5302-0d4a-4125-be41-9b59db1bc729}</destination>
		</relationship>
	</object>
</objects>
