<?xml version="1.0" encoding="UTF-8"?>
<objects serializationModel="Studio.02.02.00">
	<object class="AudioFile" id="{b70bcec2-d949-4f30-8915-4bd405a6dd89}">
		<property name="assetPath">
			<value>footsteps_player_grass_03.ogg</value>
		</property>
		<property name="frequencyInKHz">
			<value>48</value>
		</property>
		<property name="channelCount">
			<value>1</value>
		</property>
		<property name="length">
			<value>0.50062499999999999</value>
		</property>
		<relationship name="masterAssetFolder">
			<destination>{106a5302-0d4a-4125-be41-9b59db1bc729}</destination>
		</relationship>
	</object>
</objects>
