<?xml version="1.0" encoding="UTF-8"?>
<objects serializationModel="Studio.02.02.00">
	<object class="AudioFile" id="{c1e11e16-a212-4a6a-9ebb-2052ee8cadd3}">
		<property name="assetPath">
			<value>rat3.mp3</value>
		</property>
		<property name="frequencyInKHz">
			<value>44.0999985</value>
		</property>
		<property name="channelCount">
			<value>2</value>
		</property>
		<property name="length">
			<value>6.2432653061224492</value>
		</property>
		<relationship name="masterAssetFolder">
			<destination>{106a5302-0d4a-4125-be41-9b59db1bc729}</destination>
		</relationship>
	</object>
</objects>
