<?xml version="1.0" encoding="UTF-8"?>
<objects serializationModel="Studio.02.02.00">
	<object class="EncodingSetting" id="{8deec473-d5a8-474f-b9c8-64471aed9ef2}">
		<property name="encodingFormat">
			<value>3</value>
		</property>
		<property name="quality">
			<value>37</value>
		</property>
		<relationship name="platform">
			<destination>{109e9c7b-d5a0-4a3e-ba80-0033bebfe9e5}</destination>
		</relationship>
		<relationship name="encodable">
			<destination>{109e9c7b-d5a0-4a3e-ba80-0033bebfe9e5}</destination>
		</relationship>
	</object>
</objects>
